{"cameraMode":{"drawMode":0,"name":"Shaded","section":"Shading Mode"},"sceneLighting":true,"audioPlay":false,"sceneViewState":{"m_AlwaysRefresh":false,"showFog":true,"showSkybox":true,"showFlares":true,"showImageEffects":true,"showParticleSystems":true,"showVisualEffectGraphs":true,"m_FxEnabled":true},"in2DMode":false,"pivot":{"x":-2.636289596557617,"y":0.7110471725463867,"z":1.226682424545288},"rotation":{"x":0.13865193724632264,"y":0.09934820979833603,"z":-0.01398189552128315,"w":0.9852499961853027},"size":4.977268695831299,"orthographic":false}