{"cameraMode":{"drawMode":0,"name":"Shaded","section":"Shading Mode"},"sceneLighting":true,"audioPlay":false,"sceneViewState":{"m_AlwaysRefresh":false,"showFog":true,"showSkybox":true,"showFlares":true,"showImageEffects":true,"showParticleSystems":true,"showVisualEffectGraphs":true,"m_FxEnabled":true},"in2DMode":false,"pivot":{"x":-3.0332183837890627,"y":1.0372025966644288,"z":6.206550598144531},"rotation":{"x":0.05431213602423668,"y":0.47543856501579287,"z":-0.029424209147691728,"w":0.8775795698165894},"size":8.411746978759766,"orthographic":false}